{
  "workspaceID" : 2650797739859771537,
  "username" : "ramirezd2",
  "neurons" : [ {
    "neuronID" : 2651184636247408785,
    "notes" : [ [ -64.71113339997828, -323.0697989293567, -137.05492246894573, "traced end" ], [ -350.02511772490107, 144.3075341947133, 105.14786727290266, "traced end" ], [ -314.6451728130487, 114.67264687142597, 55.903316661486315, "traced end" ], [ 345.19079979312664, 609.1734361896906, -526.9913640450359, "traced end" ], [ 50.77911534802115, 875.6362789863797, -164.18967484666427, "traced end" ], [ 66.44737666612491, 884.9285741640215, -192.32941805318478, "traced end" ], [ 133.41655810642987, -76.69840516540535, -432.5222261374256, "traced end" ], [ -116.517481306626, -325.33008694553973, 21.733628482139466, "traced end" ], [ -214.065043706476, -180.922797022733, 41.83344505822606, "traced end" ], [ -276.23266119445907, 672.2103575299097, 42.838435887031665, "traced end" ], [ 59.87681546820386, 781.9598978712402, -209.4142621428582, "traced end" ], [ 72.00708229512384, 722.9412663375715, -251.6238769526426, "traced end" ], [ -103.8817866952595, 55.40287222484767, -124.99503252329669, "traced end" ], [ -44.241308129552635, 251.5456434069547, -237.55400534938235, "traced end" ], [ -61.93128058547154, -616.9072410331501, 1029.7394297729006, "traced end" ] ]
  } ],
  "offset" : [ 71340.64272504661, 15904.993096269385, 32198.272342985252 ]
}