{
  "workspaceID" : 2646079484490416273,
  "username" : "ramirezd2",
  "neurons" : [ {
    "neuronID" : 2650119746036433041,
    "notes" : [ [ -278.81526995911554, -272.9010641968489, -1034.06802708147, "traced end" ], [ -340.6980907365214, -282.967390296697, -989.0053767840509, "traced end" ], [ -396.2211097534746, -208.25427626177043, -838.3887556533155, "traced end" ], [ 18.735101284182747, 321.6576919766958, -666.5353239277756, "traced end" ], [ -325.9325905685837, -276.43227370824025, -940.0130553161944, "traced end" ], [ -252.74501855946437, -178.02390507310702, -955.7631459613694, "traced end" ], [ 275.74512967962073, 316.8859728314201, 885.1705157461402, "traced end" ], [ -241.5602077102085, -163.04851593810963, -956.9776734522311, "traced end" ], [ -233.323067494508, -167.29930932965726, -981.9429607644488, "traced end" ], [ -271.76840230416565, -292.4926795732281, -1045.16954442524, "traced end" ], [ -272.1904147609166, -289.5336545173195, -1034.5405886870067, "traced end" ], [ -390.96372298967617, -199.13537774509314, -949.3141276644164, "traced end" ], [ -276.7683861484402, -295.0416350150881, -1018.0014232114045, "traced end" ], [ 261.3404378226551, 353.552867316168, 842.9609009363558, "traced end" ], [ -328.8232525018393, -250.94983174107256, -983.8371329320216, "traced end" ], [ -330.79980090305617, -309.59027706370034, -934.5287889574465, "traced end" ], [ -993.3840370872058, -855.4500782288487, -953.9627009658216, "traced end" ], [ 316.6299926383799, 287.5797298160396, 940.5613115385931, "traced end" ], [ 299.3955962030159, 310.3881352987846, 895.4437008052264, "traced end" ], [ -436.9324787022342, -233.8696474937824, -902.6654762152975, "traced end" ], [ -390.6357378697867, -273.32486819988117, -972.0638224023933, "traced end" ], [ -430.95594322560646, -251.33267783408883, -942.688941541528, "traced end" ], [ -467.99185514610144, -293.6429346509103, -786.1292325554896, "traced end" ], [ 301.09080296639877, -325.1940144948603, 1325.5179450430442, "traced end" ], [ 231.05178939190228, -240.2993035953732, 1309.4827471363897, "traced end" ], [ 225.63003988179844, -211.66261204312104, 1331.7642967324282, "traced end" ], [ 140.2393977272004, -134.4049571913638, 1204.4165501721218, "traced end" ], [ -1108.8742858352052, -942.8478815212584, -877.583397976683, "traced end" ], [ -201.88412663048075, -180.12624761593906, -1064.5116921342924, "traced end" ], [ 139.20040799450362, -7.203913586195995, 1085.3658665675903, "traced end" ], [ 295.8877102028928, 354.43088718356375, 757.2564804082795, "traced end" ], [ 339.42903052097245, 240.03618028119672, 1021.8492684635276, "traced end" ], [ 356.9970882671623, 445.8234356156863, 754.71357880922, "traced end" ], [ 313.0986615017755, 390.56998872008626, 805.0023777036913, "traced end" ], [ 323.8175311122468, 402.171132789259, 783.4711362020025, "traced end" ], [ -637.8155907230248, -1009.1496633292954, -1584.0919506261416, "traced end" ], [ -476.8368413740682, -241.15402405288114, -818.2889390772325, "traced end" ], [ 306.880024142054, 374.5110543967785, 809.9674642299797, "traced end" ], [ -337.54977909282024, -273.94585878766156, -973.8726096069659, "traced end" ], [ -348.52629841372254, -274.428279200838, -1036.0171596849905, "traced end" ], [ -393.00270949122205, -315.1313672492033, -959.2904282257441, "traced end" ], [ -373.2996635793388, -250.67833230162796, -963.403627994805, "traced end" ], [ -363.68246859280043, -289.71146580331697, -967.028563176631, "traced end" ], [ -396.2211097534746, -300.67494181236907, -956.9776734522311, "traced end" ], [ -189.41699021088425, -138.50638910267298, -1063.1735036625396, "traced end" ], [ -311.8146697494667, -199.21312419703827, -1006.2222240636402, "traced end" ], [ -207.36214446814847, -120.77014252429944, -1031.1929092758219, "traced end" ], [ 212.56665662273008, 9.486802630526654, 978.6346628249448, "traced end" ], [ 245.30174334805633, 134.9018851534638, 1022.0921739617042, "traced end" ], [ -357.55588424265443, -324.28239442583435, -929.8429210745162, "traced end" ], [ -470.7371572331467, -1163.4479206354154, -1538.618569213635, "traced end" ], [ 295.2159453448403, 367.49572470766, 737.7175547097868, "traced end" ], [ 247.94660153458244, -274.5560580698075, 1289.1768289254906, "traced end" ], [ 79.5283401922643, -43.35601374086764, -1165.6148490920023, "traced end" ], [ 52.22364065890724, -46.85607562009318, -1158.313944037829, "traced end" ], [ 68.3877049159637, -66.27993524527483, -1176.3998532108817, "traced end" ], [ 241.88146812112245, 377.6626061554525, 678.1424050124406, "traced end" ], [ -546.9481646853092, -273.88331826638023, -782.7982375623615, "traced end" ], [ -693.1199529933801, -216.1763208809898, -766.3527992587915, "traced end" ], [ -516.8075908007886, -334.75241345912946, -789.7590749191004, "traced end" ], [ -377.52028172863356, -65.60498812933292, -602.215910884297, "traced end" ], [ -566.3856635776319, -301.66847770142704, -773.8293814207354, "traced end" ], [ -536.0340834647359, -302.57666417320434, -820.079569709218, "traced end" ], [ 482.86440121475607, 395.6070758811511, 940.6157812563688, "traced end" ], [ -445.5003187378461, -242.15859650451966, -782.1092692402744, "traced end" ], [ -447.0496720732044, 179.74760828010403, -768.7475039680503, "traced end" ], [ -543.2450670750841, 60.06172802040601, -767.2243147431436, "traced end" ], [ -698.2996006204048, -115.23297644993363, -761.8607650562117, "traced end" ], [ 191.80191621439008, -162.96929794448806, 1346.6507233840894, "traced end" ], [ 213.33318919036537, -214.02002180999625, 1403.420437257082, "traced end" ], [ -845.2936962418607, -872.2766667937667, -1852.424501916903, "traced end" ], [ 151.82524380582618, -30.836382408175268, 1168.7722538675007, "traced end" ], [ 184.7237061138294, -34.84044731184258, 1231.6666213217031, "traced end" ], [ 290.78629529445607, 297.1398455789313, 868.236812855328, "traced end" ], [ -386.36995698389364, -112.57856052120405, -811.5911266639741, "traced end" ], [ -408.19811942505476, -154.48684120320104, -801.0289085979675, "traced end" ], [ 510.7236399237445, 378.52885368943316, 1290.4242345342864, "traced end" ], [ 426.74710968561703, 435.1047260389423, 764.8385669785202, "traced end" ], [ 507.70020448070136, 401.1361484762929, 1257.1820037115976, "traced end" ], [ -330.76821166653826, -236.1311617946958, -970.0425542266894, "traced end" ], [ 242.50486196074053, -248.27211640245514, 1457.7213479759157, "traced end" ], [ -340.8767673556431, -248.93946055306515, -903.7131595255996, "traced end" ], [ -617.8778466553631, -1058.507378495182, -1679.4075773910226, "traced end" ], [ -565.3387765358057, -1082.028991177478, -1614.0247780555437, "traced end" ], [ -718.4794465711457, -963.5924498017284, -1967.7827765901166, "traced end" ], [ -475.9636951331486, -666.3248440483767, -1638.2201285462797, "traced end" ], [ 809.7295839564613, 348.0277188321634, 1432.89051744451, "traced end" ], [ -401.12780663362355, -533.6118958342995, -1518.3960730930194, "traced end" ], [ -516.8544810737512, -1191.5815901910119, -1613.981840214954, "traced end" ], [ -515.3621364386927, -1126.2799662095822, -1551.6574419246535, "traced end" ], [ -648.2684197321068, -1112.754536140521, -1675.9077753446181, "traced end" ], [ -563.8466786916542, -1120.2856411874964, -1647.227996783069, "traced end" ], [ -587.6200470884214, -1116.317874311866, -1651.2202345212208, "traced end" ], [ -459.8154254943511, -134.3345684478045, -689.8218643526197, "traced end" ], [ -458.7058535612887, -225.7114204353711, -767.8372217476208, "traced end" ], [ 202.9635287180863, 31.336253453631798, 1021.8492684635276, "traced end" ], [ -404.15913938579615, -254.81704326875843, -850.2238966733858, "traced end" ], [ 230.003915186433, 375.15117502635985, 587.6932304200527, "traced end" ], [ -504.2372957806656, -346.2662460554566, -815.8412368047357, "traced end" ], [ 162.9814269094786, 330.43690962288747, -740.7633184239967, "traced end" ], [ 142.95804639592825, 321.4781638920758, 