{
  "workspaceID" : 2647560745629253777,
  "username" : "weldonm",
  "neurons" : [ {
    "neuronID" : 2651204284867149969,
    "notes" : [ [ 23.502391977162915, 13.812871210006051, -4.522458729617938, "traced end" ] ]
  } ],
  "offset" : [ 71254.70362469951, 15274.02184091332, 33232.53423148777 ]
}