{
  "workspaceID" : 2645826104446681186,
  "username" : "weldonm",
  "neurons" : [ {
    "neuronID" : 2648327160850284689,
    "notes" : [ [ -212.42217943136347, -119.78621155035216, -1341.733548960172, "traced end" ], [ 145.92611974732426, -401.3176411215936, 156.70777678710874, "traced end" ], [ -429.25069896261266, -1259.9759441582391, 1213.9581286892862, "traced end" ], [ 254.34037951294158, -939.2661889731571, 98.41830871645652, "traced end" ], [ 1222.740014528972, 978.211478088786, 943.6155957409137, "traced end" ], [ -525.5346919013245, -1235.3639190931335, 1305.4122941104797, "traced end" ], [ 3.1427706387476064, -753.6714285332382, -556.8357116639745, "traced end" ], [ 1718.5646710794535, 1080.6778681557498, 964.7204031458095, "traced end" ], [ 1186.8546418326587, 992.0243492987938, 948.6405498849417, "traced end" ], [ 600.3056979724788, -1063.3308867503147, 455.1900529420018, "traced end" ], [ 1647.2993534712732, 1137.4362116732336, 979.7952655778718, "traced end" ], [ 35.49014884387725, -753.169142307419, -556.8357116639745, "traced end" ], [ 0.36291782424086705, -1272.2819566907892, 763.7222373849363, "traced end" ], [ 89.82363567280117, -1230.8433430607674, 879.2961826974351, "traced end" ], [ -250.07654937327607, -653.2141833695478, -1041.2412911476713, "problem end" ], [ -532.105253099231, -613.5335715298897, -1216.109695359628, "traced end" ], [ -364.3032286601374, -430.9525284448828, -624.1700971938662, "traced end" ], [ 978.8711085293617, 1174.8565354967104, 753.6723290968948, "traced end" ], [ 640.7399207288836, -1063.5820298632225, 451.17008962678665, "traced end" ], [ -3844.716094450152, 2104.3622125822694, -276.2241647610281, "traced end" ], [ 1117.105607577847, 1153.007084673609, 796.8869347354848, "traced end" ], [ -3787.818326666951, 2357.7405972991655, -538.7458767454955, "traced end" ], [ -303.65189452552295, -646.6844624339083, -1113.6006308215838, "problem end" ], [ -3536.473877201075, 1685.0535241148573, -351.5366464309118, "traced end" ], [ -39.81859103994793, -537.4372083183953, -1074.4059884982125, "traced end" ], [ -28.699179781920975, -599.7207003198819, -1080.4359334710389, "traced end" ], [ 938.1841718807264, 1207.5051401749079, 768.747191528957, "traced end" ], [ 864.6444292425149, 1789.906019011407, -757.8338774248441, "traced end" ], [ 290.225752209255, -881.7544161169426, -270.41332545473415, "traced end" ], [ 279.1063409512426, -911.891589666051, -165.8942792590824, "traced end" ], [ -3804.4974435539625, 2305.502829814046, -442.2667571802813, "traced end" ], [ -350.6566784798488, -174.03312393874512, -1246.2594202237597, "traced end" ], [ -303.1464667410619, -1371.734629402843, 1270.2376151023273, "traced end" ], [ -3873.2356222398666, 2184.2007062788907, -133.73457273734675, "traced end" ], [ 941.7221663719101, -990.7505271195478, 434.0852455371132, "traced end" ], [ 325.10026933666086, -1255.455368125873, 900.400990102331, "traced end" ], [ -23.13947415292205, -578.3735357225978, -927.67732749278, "traced end" ], [ -206.86247380236455, -1382.5337832579407, 1522.4903131322208, "traced end" ], [ 538.1380804844957, -1060.3171693954027, 456.1950437708074, "traced end" ], [ -315.7821613524429, -491.98030488182485, -964.86198815854, "traced end" ], [ -86.3179472098127, -707.4610957579407, -834.2131804139754, "traced end" ], [ 438.8215208390611, -1073.878897492501, 616.9935763795002, "traced end" ], [ -365.8195120134915, -727.050258564861, -921.6473825199537, "traced end" ], [ -245.02227152872365, -352.093590991386, -1273.3941726014746, "traced end" ], [ 673.8454406107048, 1046.0201185742771, 261.22682298276777, "traced end" ], [ 759.5154500758508, 1178.1213959645283, 293.3865295045034, "traced end" ], [ 1.1210595009179087, -1330.0448726599116, 1059.1895410534125, "traced end" ], [ -425.45999057919835, -553.761510657494, -1242.239456908541, "traced end" ], [ -537.6649587282445, -719.515965177583, -780.9486664873439, "traced end" ], [ -255.636255002275, -1362.442334225203, 1332.5470464882019, "traced end" ], [ 262.9326518486778, -938.5127596344282, -135.74455439495068, "traced end" ], [ 1992.5065302541334, 1138.4407841248722, 1043.1096877925447, "traced end" ], [ -500.26330267856247, -669.2873425957387, -825.1682629547358, "traced end" ], [ 1194.6887724917033, 1345.633852274983, 603.9286956050491, "traced end" ], [ 108.27174980541167, -830.0189348576423, 877.2862010398312, "traced end" ], [ -183.36008182520163, -1343.8577438699194, 1152.6536881322172, "traced end" ], [ 1917.4505042625387, 1165.5642403190686, 909.4459075615669, "traced end" ], [ -243.50598817535501, -682.8490706928369, -722.6591984166917, "problem end" ], [ 1690.2607151499687, 973.1886158306006, 1005.9250271267883, "traced end" ], [ -89.85594170099648, -1323.515151724272, 1102.4041466920025, "traced end" ], [ -126.4994560740015, -1356.414899515381, 1386.8165512436317, "traced end" ], [ 697.0951186956372, 2629.4774454669496, -763.8638223976704, "traced end" ], [ 891.6848157108616, 1295.4052296931368, 310.47137359417684, "traced end" ], [ 434.27267077896977, 1203.486850368361, -928.682318321582, "traced end" ], [ -457.55465489209746, -540.702068786215, -1110.5856583351706, "traced end" ], [ -40.32401882439444, -896.8230028914968, -197.0489949520197, "traced end" ], [ -21.875904691783944, -595.9535536262447, -937.7272357808215, "traced end" ], [ 549.0047778502776, 2494.6135938346924, -945.767162411259, "traced end" ], [ -323.36357811927155, -544.9715017056715, -1152.795273144955, "traced end" ], [ -611.9628430431476, -795.8634715019889, 958.6904581729832, "traced end" ], [ -3686.4426670607645, 2349.6647765746784, -487.10711214299954, "traced end" ], [ 913.1654965502094, 1642.9872979595057, -634.2200054819114, "traced end" ], [ 600.3056979724788, -1022.8968455719296, 584.8338698577645, "traced end" ], [ -3960.4427688902942, 2355.0123590296316, -383.66960881194245, "traced end" ], [ 776.1945669628622, 1723.3530940904602, -479.45141784603766, "traced end" ], [ -3760.4583459696587, 2400.7586656627172, -407.78276400783943, "traced end" ], [ -412.82429596783186, -745.6348489201428, -875.4178043949541, "traced end" ], [ -3873.73179536518, 2316.9538766321457, -428.01728272382024, "traced end" ], [ -569.5069091489131, -434.9708182514296, -615.1251797346267, "traced end" ], [ -489.14389142055006, -622.5747235946219, -764.868813226476, "traced end" ], [ -445.92981584963854, -542.7112136894884, -797.0285197482153, "traced end" ], [ -787.8517120335309, 746.4063848735696, -120.66969196288846, "review" ], [ -75.45124984403083, -686.6162173864741, -1031.1913828596262, "traced end" ], [ -333.4721338083764, -558.5332298027697, -1272.389181772669, "traced end" ], [ -322.8581503348105, -709.4702406612141, -924.6623550063669, "traced end" ], [ 553.5536279103835, -1081.413190879779, 614.9835947218962, "traced end" ], [ 734.2440608530887, 1975.2496363384125, -377.9473441368027, "traced end" ], [ 168.6703700477956, -1319.748005030633, 1239.0828994093972, "traced end" ], [ 1047.3565733230353, -949.311913489526, 315.4963277381976, "traced end" ], [ -180.83294290292542, -655.9767576115482, -1061.341107723758, "traced end" ], [ -129.78473667295475, -1370.4789138382985, 1379.781615442007, "traced end" ], [ -250.58197715773713, -1339.8394540633726, 1140.5937981865645, "traced end" ], [ 313.4754302941874, -1223.3090496734912, 710.4577234583048, "traced end" ], [ -35.77516876430309, -576.3643908193244, -1027.171419544411, "traced end" ], [ 47.87312956302776, -1312.7159978691761, 1000.9000729827603, "traced end" ], [ 358.4585031106981, -1169.8155666238254, 925.5257608224347, "traced end" ], [ 129.4997167525289, -437.7333924934319, 312.48135525178805, "traced end" ], [ -326.39614482599427, -549.2409346251279, -1380.9281912835395, "traced end" ], [ 8.955190159977064, -628.0998720786247, -1137.7204107128891, "traced end" ], [ 61.26696585108584, -1317.48771701445, 975.7753022626566, "traced end" ], [ 805.5093784612545, 1273.3046357571257, -931.6972908079988, "traced end" ], [ 