{
  "workspaceID" : 2514235269754912913,
  "username" : "azarr",
  "neurons" : [ {
    "neuronID" : 2521800676741218449,
    "notes" : [ [ 9.525346660928335, -189.78113755290906, -412.9011784534305, "review" ], [ 235.90813609868928, -546.8233262247832, -631.2045135120243, "review" ] ]
  } ],
  "offset" : [ 73019.64097443625, 13674.488939896657, 32635.278238023744 ]
}