{
  "workspaceID" : 2651165219488792721,
  "username" : "elsayeda",
  "neurons" : [ {
    "neuronID" : 2651166031036285073,
    "notes" : [ [ -48.56828738022887, -253.89507326512467, -72.66975932027344, "traced end" ], [ -221.67730355610547, -199.39701776382208, -140.00414485016518, "traced end" ], [ -56.14970414704294, -13.551114210995365, -242.51320938820936, "traced end" ], [ -53.36985133255075, -263.43851155567427, -37.49508031212099, "traced end" ], [ 307.25287287618266, 180.83365518074606, 538.3646645927693, "traced end" ], [ -240.63084547317703, -166.49726997271318, 68.02895671233637, "traced end" ], [ -100.8800630713231, -69.30488527684247, -712.8489172686423, "problem end" ], [ -283.84492104408855, -104.71606419704403, -89.75460340994687, "traced end" ], [ 16.379182922260952, 257.18116150515016, -84.72964926592613, "traced end" ], [ 20.928032982352306, 240.35457294023217, -95.78454838277321, "traced end" ], [ -228.24786475402652, -207.43359737691753, 138.37831472863763, "traced end" ], [ -174.92523349401017, -54.487441615199714, 8.734497812878544, "traced end" ], [ -149.6538442712481, -118.02664918123264, 123.30345229657178, "traced end" ], [ -159.5096860681224, -121.04036653614457, 132.3483697558113, "traced end" ], [ -165.8275333738129, -138.62038443978963, -332.96238398060086, "traced end" ], [ 152.59197083291656, -81.61089780939619, -505.82080653494995, "problem end" ], [ 873.3319914659369, 2132.96907182416, 229.83248014983474, "traced end" ], [ 608.4878324114397, -501.2710394807127, 809.7121883699401, "traced end" ], [ -250.73940116228187, 127.08902901817237, 21.799378587333194, "traced end" ], [ -155.21354990026157, -267.2056582493133, -104.82946584201272, "traced end" ], [ -244.1688399643608, -127.57008747178406, -115.8843649588598, "traced end" ], [ -92.54050462781743, -237.06848470020668, -28.450162852881476, "traced end" ], [ -187.8136419976072, -265.6987995718573, 63.00400256831199, "traced end" ], [ -244.42155385659134, -126.0632287943281, -113.87438330125224, "traced end" ], [ -298.2496129010542, -97.93520014849491, 121.29347063896421, "traced end" ], [ -61.70940977605642, -56.24544340556349, -34.48010782570782, "traced end" ], [ 270.6093585031922, -80.35518224484986, -229.44832861375107, "traced end" ], [ -213.84317289704632, -63.52859367993187, 136.36833307103007, "traced end" ], [ -115.79018271274981, -72.82088885757184, -36.490089483319025, "traced end" ], [ -93.80407408895553, -151.93096942397824, -402.30675116810016, "traced end" ], [ -295.46976008654747, -106.2229228745, 122.29846146776981, "traced end" ], [ -184.02293361419288, -223.00447037728918, -36.490089483319025, "traced end" ], [ 813.4387990079995, -586.4085547569393, 1128.2942811009234, "traced end" ], [ -27.34032043311163, 197.91138685857368, -280.702860882775, "traced end" ], [ -143.5887108577881, -127.8212305846937, 92.1487366036381, "traced end" ], [ -33.40545384657162, -231.04104999038464, -179.1987871735364, "traced end" ], [ -24.307753726374358, -214.96789076419373, -261.60803513549035, "traced end" ], [ -57.160559715965064, -207.43359737691753, -262.61302596429596, "traced end" ], [ -226.98429529288842, -23.094552501544968, -65.63482351864513, "traced end" ], [ -177.9578002007329, -47.957720679558406, -36.490089483319025, "traced end" ], [ -44.777578996814555, -258.41564929749075, -145.02909899418592, "traced end" ], [ -258.826245713557, -105.97177976159037, 36.87424101939905, "traced end" ], [ -60.19312642268778, -97.68405703558528, -77.69471346429418, "traced end" ], [ -275.5053626005829, -237.82191403893376, 141.3932872150508, "traced end" ], [ -112.25218822156603, -60.26373321211031, 69.03394754113833, "traced end" ], [ -6.11235348599439, -249.87678345857603, -85.73464009473173, "traced end" ], [ -138.78714690546622, -89.89862053539946, 12.75446112809368, "traced end" ], [ -123.8770272640395, -151.17754008525117, 212.7476360601613, "traced end" ], [ 412.8872798273078, -403.57636855902274, 447.9154900003814, "traced end" ], [ -120.84446055730223, -153.18668498852458, 213.75262688896692, "traced end" ], [ -117.30646606611845, -12.54654175935866, 8.734497812878544, "traced end" ], [ -129.43673289303842, -12.29539864644903, 13.759451956899284, "traced end" ], [ 162.7005265220214, 60.28496098431788, -673.6542749452747, "traced end" ], [ 92.95149226720969, 150.1941954058202, -652.5494675403825, "traced end" ], [ 931.9616144627216, 1903.675409738038, -41.515043627339764, "traced end" ], [ -251.24482894672838, -32.63799079209639, -176.18381468712323, "traced end" ], [ -214.8540284659539, -200.90387644127804, -144.02410816538395, "traced end" ], [ 9.050480047662859, -264.19194089440316, -84.72964926592613, "traced end" ] ]
  } ],
  "offset" : [ 74911.77357919712, 14882.479114001731, 32410.259657757775 ]
}