{
  "workspaceID" : 2651165219488792721,
  "username" : "elsayeda",
  "neurons" : [ {
    "neuronID" : 2651166061059113105,
    "notes" : [ [ -235.53717473315191, -426.69757687916535, -1362.730342167295, "traced end" ] ]
  } ],
  "offset" : [ 75415.64568740342, 15067.587630148324, 33609.871066012405 ]
}