{
  "workspaceID" : 2647560745629253777,
  "username" : "weldonm",
  "neurons" : [ {
    "neuronID" : 2651209762124857489,
    "notes" : [ [ 1166.9596552472212, -1400.166441290181, -399.394983359889, "traced end" ], [ -1752.3912277656054, -1440.8516255814757, -3323.9182951805415, "traced end" ], [ -2062.4711735288292, 1960.1284094352668, 1272.9097557705463, "traced end" ], [ -1685.674760217531, -1606.6060801015647, -3473.661928672387, "traced end" ], [ -2384.9341000112036, 1869.7168887879452, 1377.428801966198, "traced end" ], [ 1415.630125199139, -951.875984747212, -747.1218101261911, "traced end" ], [ 1255.9149453113205, -1314.7777829010447, -350.15043274847267, "traced end" ], [ 1354.9787910645246, -942.8348326824798, -921.9902143381478, "traced end" ], [ -1927.2692411870812, 2038.736203775854, 1394.5136460558715, "traced end" ], [ -1910.8428381922859, 2042.2522073565815, 1398.5336093710866, "traced end" ], [ -2326.3044770144043, 1694.418995977303, 1505.0626372243496, "problem end" ] ]
  } ],
  "offset" : [ 77005.2813413974, 16179.185206659415, 35950.94555231369 ]
}