{
  "workspaceID" : 2651165219488792721,
  "username" : "elsayeda",
  "neurons" : [ {
    "neuronID" : 2651231776197836945,
    "notes" : [ [ 40.771174612717004, -218.24859726629984, 123.90699426800711, "traced end" ], [ -87.607482638894, 433.97006695896016, -562.5017418053649, "traced end" ], [ 65.53713605101802, -131.85536642552688, 195.26134311311398, "traced end" ] ]
  } ],
  "offset" : [ 75279.34083435162, 14790.82772382415, 32354.381620202104 ]
}