{
  "workspaceID" : 2651168694176055441,
  "username" : "blaker",
  "neurons" : [ {
    "neuronID" : 2651170307083075729,
    "notes" : [ [ -221.798559411749, -180.68069959546483, 38.63267676759642, "traced end" ], [ 235.1081577356963, 488.6156963076246, -502.052389129145, "traced end" ], [ -314.29184396703204, 129.98333107324834, 53.70753919966228, "traced end" ], [ -283.9661768997321, 672.9547411829953, 37.62768593879082, "traced end" ], [ -123.7455692274525, -325.5902757440872, 17.527869362704223, "traced end" ], [ -322.1259746260912, 114.41245807287669, 51.69755754205107, "traced end" ], [ -357.00049175349704, 144.29848850907365, 101.94709898226938, "traced end" ], [ -131.0742721020506, 148.3167783156223, -178.44534225414463, "traced end" ], [ -29.230573534339783, 179.96081054218484, -302.0592141970774, "traced end" ], [ 44.0564552116557, 60.41668879739336, -374.41855387098985, "traced end" ], [ 125.43032850892632, -76.707450851045, -436.72798525686085, "traced end" ], [ -106.05559677151905, 58.15640078121032, -139.2506999307734, "traced end" ], [ 65.28442215877294, 755.5808253301293, -233.71983783838368, "traced end" ], [ -111.61530240053253, 55.89611276502728, -128.19580081392633, "traced end" ], [ 572.7339177517133, -357.23430797064975, 956.1893034659661, "traced end" ], [ 43.29831353496411, 876.3806626394689, -171.4104064525127, "traced end" ], [ 58.71386096085189, 885.6729578171107, -196.53517717262002, "traced end" ], [ -182.88062000869832, -130.70322012652832, 16.52287853389862, "traced end" ], [ -72.4446491052513, -323.07884461499634, -141.26068158838098, "traced end" ], [ -29.736001318800845, 227.17571576911905, -240.754773640012, "traced end" ], [ -51.974823834825656, 252.0388839471325, -242.76475529761956, "traced end" ], [ 52.6487275473919, 474.30053887179747, -302.0592141970774, "traced end" ], [ 66.04256383544998, 723.4345068777511, -257.8396177296854, "traced end" ], [ 51.63787197848433, 781.6997090726909, -211.61003960468588, "traced end" ], [ -57.02910167937807, 234.71000915639524, -284.97437010740396, "traced end" ] ]
  } ],
  "offset" : [ 71348.37624075188, 15905.002141955025, 32202.478102104687 ]
}