{
  "workspaceID" : 2647910080862748817,
  "username" : "blaker",
  "neurons" : [ {
    "neuronID" : 2650832025405096081,
    "notes" : [ [ -300.4875839411252, -1465.7353863462286, -3735.844905913942, "traced end" ] ]
  } ],
  "offset" : [ 75612.90169082893, 16216.291102081119, 36196.39381288567 ]
}