{
  "workspaceID" : 2650797739859771537,
  "username" : "ramirezd2",
  "neurons" : [ {
    "neuronID" : 2650856976468148369,
    "notes" : [ [ -2.885461613186635, -624.0021870666878, -1044.2507540570186, "traced end" ] ]
  } ],
  "offset" : [ 75182.97916682882, 15264.766791407865, 33290.91486787162 ]
}