{
  "workspaceID" : 2650797739859771537,
  "username" : "ramirezd2",
  "neurons" : [ {
    "neuronID" : 2651164278974840977,
    "notes" : [ [ -321.77686411328614, -376.02818839645806, 4.362826208463957, "traced end" ], [ 788.9006922268454, 1793.3460209134373, -20.761944511643378, "traced end" ], [ 299.646596874285, -324.29270713715596, -160.45566971544758, "traced end" ], [ -240.40299081601552, -366.9870363317259, 82.75211085520277, "traced end" ], [ -124.91274206801609, -214.04088057000627, -18.75196285403581, "traced end" ], [ -236.6122824326012, -297.1692509429613, 200.33603782531281, "traced end" ], [ -233.83242961809447, -355.4344531379011, -79.0514125822956, "traced end" ], [ -315.71173069982615, -443.08339954322037, 30.492587757376896, "traced end" ], [ -430.94926555559505, -239.40633497383897, 279.73031330085723, "traced end" ], [ -145.12985344622575, -293.90439047513973, -62.971559321427776, "traced end" ], [ 217.26186800810683, -312.74012394333295, -56.94161434860143, "traced end" ], [ 67.14981602493208, -403.9050739293816, -29.806861970882892, "traced end" ], [ -12.707773918984458, 40.367092807040535, -137.34088065294782, "traced end" ], [ -50.61485775311303, -329.06442628243167, -302.159376576863, "traced end" ], [ -51.87842721425113, -315.50269818533343, 43.557468531835184, "traced end" ], [ -100.14678062971507, -214.79430990873334, -186.58543126436052, "traced end" ], [ -313.94273345424153, -146.73452631033433, -28.801871142080927, "traced end" ], [ -254.04954099630413, -478.2434353505123, 350.0796713171585, "traced end" ], [ -321.0187224366091, -360.95960162190386, 59.637321792703005, "traced end" ], [ 16.101609794961405, -373.5167572673654, -120.25603656327439, "traced end" ], [ -142.09728673948848, -434.54453370430747, 148.07651472748694, "traced end" ], [ 254.41081016555836, -378.79076263845855, -98.14623832958023, "traced end" ], [ -309.14116950191965, -266.2786480551258, -129.3009540225139, "traced end" ], [ 25.957451591835706, -413.9507984457505, -19.756953682841413, "traced end" ], [ -346.03739776714065, -460.66341744686724, 133.00165229542108, "traced end" ], [ -89.2800832639332, -216.3011685861893, -93.12128418555585, "traced end" ] ]
  } ],
  "offset" : [ 75054.58178754077, 14991.803930374694, 32387.49657698447 ]
}