{
  "workspaceID" : 2647560745629253777,
  "username" : "weldonm",
  "neurons" : [ {
    "neuronID" : 2651196588734546065,
    "notes" : [ [ 8.446699817155604, -347.82973935467817, -363.65847861463044, "traced end" ], [ -86.82643755263416, -427.1909630339942, -60.15124831571666, "traced end" ], [ -326.90463516881573, -268.9708019011814, -606.8662591852808, "traced end" ], [ -425.9684809220198, -273.4913779335475, -468.1775248102822, "traced end" ], [ -245.5307618715451, -71.82345826743949, -499.33224050321587, "traced end" ], [ 937.6756815379049, 1487.7752728988544, 1542.8091236272157, "traced end" ], [ -244.01447851817647, -402.5789379688904, 51.40273368156704, "problem end" ], [ -413.3327863106533, -465.36471619619624, -101.35587229669545, "traced end" ] ]
  } ],
  "offset" : [ 75172.41995452979, 15017.35010749549, 32545.474798587456 ]
}