{
  "workspaceID" : 2647560745629253777,
  "username" : "weldonm",
  "neurons" : [ {
    "neuronID" : 2651196659433734289,
    "notes" : [ [ 268.8913815390988, -39.273549586865556, -139.47135344146955, "traced end" ] ]
  } ],
  "offset" : [ 74911.21713113117, 14680.163602856024, 32386.61207728658 ]
}