{
  "workspaceID" : 2651168694176055441,
  "username" : "blaker",
  "neurons" : [ {
    "neuronID" : 2651190015891079313,
    "notes" : [ [ -2021.4349935012142, 1573.6827038822994, 1240.9773176581075, "traced end" ], [ 1548.40144810536, -1316.2210963641646, -756.9444500049358, "traced end" ], [ 1453.6337385200168, -1278.5496294277818, -848.3986154261365, "traced end" ], [ 1770.2842454811616, -685.6007398490983, -993.1172947739615, "traced end" ], [ -2200.609143090551, 1482.266610783343, 1212.837574451587, "traced end" ], [ 1448.832174567695, -1308.4356598639788, -833.323752994067, "traced end" ] ]
  } ],
  "offset" : [ 76951.86218065064, 16600.037518680943, 36014.03270611907 ]
}